entity_id,name,description,address,website,contact,picture_url
1,"Encik Tan - OTH Branch","Encik Tan marries local popular Chinese food with Halal ingredients and prepare them in Halal methods while still retaining the original flavour and taste of such food.","51 Tampines Ave 4 #01-12, Our Tampines Hub, Singapore 528523","enciktan.com.sg/",63701155,"https://lh3.googleusercontent.com/p/AF1QipPIAJvO2Np7id53xElyDdGflAMeneeeGHsAMt7g=s1360-w1360-h1020"
2,"Buddy Hoagies Cafe & Grill","Buddy Hoagies has been operating our western grill restaurants since 2004 serving affordable and quality western cuisine for over 18 years.","11 Bedok North Street 1, #01-27 Heartbeat @ Bedok, Singapore 469662","buddyhoagies.com.sg",62828850,"https://lh3.googleusercontent.com/p/AF1QipPYDgdZsZqEWQxMIyKMoaMo66weVuMx2yvPa8Gq=s1360-w1360-h1020"
3,"Spize @ Bedok","Spize @ Bedok is the quintessential suburban supper place that defines late night dining. Nestled in the heartlands of the east in what is commonly known as Simpang Bedok , its ideally located to satisfy your midnight cravings!","338 Bedok Rd, Singapore 469516","ccpl.ninjaos.com",63377493,"https://lh3.googleusercontent.com/p/AF1QipOEfMzmcx-OdyG9uYwVLm1xi1ufCMlkj3uLRDQm=s1360-w1360-h1020"
4,"The Tipsy Cow @ Katong","Nestled in a charming shophouse along the trendy Tanjong Katong precinct, The Tipsy Cow stands out with its white neon signboard, chill atmosphere, and stellar Italian fare that keep diners coming back for more.","315 Tanjong Katong Rd, Singapore 437098","www.quandoo.sg/place/the-tipsy-cow-katong-92902?aid=63",84064949,"https://lh3.googleusercontent.com/p/AF1QipP7jtQ73xAj_zR7wPCGSEOvnnR32YdmRb1s9zz-=s680-w680-h510"